protein_name,mutations,ClinVar_labels_category,ClinVar_labels
P53_HUMAN,D7E,benign,0.0
P53_HUMAN,P8L,benign,0.0
P53_HUMAN,V10I,benign,0.0
P53_HUMAN,N29D,benign,0.0
P53_HUMAN,P36Q,benign,0.0
P53_HUMAN,P47S,benign,0.0
P53_HUMAN,D48E,benign,0.0
P53_HUMAN,D49N,benign,0.0
P53_HUMAN,F54L,benign,0.0
P53_HUMAN,R65G,benign,0.0
P53_HUMAN,V73M,benign,0.0
P53_HUMAN,A74V,benign,0.0
P53_HUMAN,P82L,benign,0.0
P53_HUMAN,A84T,benign,0.0
P53_HUMAN,P89T,benign,0.0
P53_HUMAN,G105R,pathogenic,1.0
P53_HUMAN,G105S,pathogenic,1.0
P53_HUMAN,Y107H,benign,0.0
P53_HUMAN,F109V,pathogenic,1.0
P53_HUMAN,R110H,benign,0.0
P53_HUMAN,R110L,pathogenic,1.0
P53_HUMAN,R110P,pathogenic,1.0
P53_HUMAN,T125K,pathogenic,1.0
P53_HUMAN,T125R,pathogenic,1.0
P53_HUMAN,A129S,benign,0.0
P53_HUMAN,L130P,pathogenic,1.0
P53_HUMAN,N131I,pathogenic,1.0
P53_HUMAN,N131Y,pathogenic,1.0
P53_HUMAN,K132N,pathogenic,1.0
P53_HUMAN,M133T,pathogenic,1.0
P53_HUMAN,F134C,pathogenic,1.0
P53_HUMAN,C135G,pathogenic,1.0
P53_HUMAN,A138P,pathogenic,1.0
P53_HUMAN,C141Y,pathogenic,1.0
P53_HUMAN,P151S,pathogenic,1.0
P53_HUMAN,P151T,pathogenic,1.0
P53_HUMAN,P152L,pathogenic,1.0
P53_HUMAN,P152R,pathogenic,1.0
P53_HUMAN,V157A,pathogenic,1.0
P53_HUMAN,R158G,pathogenic,1.0
P53_HUMAN,R158H,pathogenic,1.0
P53_HUMAN,R158L,pathogenic,1.0
P53_HUMAN,R158P,pathogenic,1.0
P53_HUMAN,Y163C,pathogenic,1.0
P53_HUMAN,Y163D,pathogenic,1.0
P53_HUMAN,Q165K,benign,0.0
P53_HUMAN,V172F,pathogenic,1.0
P53_HUMAN,V173A,pathogenic,1.0
P53_HUMAN,V173E,pathogenic,1.0
P53_HUMAN,V173L,pathogenic,1.0
P53_HUMAN,V173M,pathogenic,1.0
P53_HUMAN,R175G,pathogenic,1.0
P53_HUMAN,R175H,pathogenic,1.0
P53_HUMAN,R175L,pathogenic,1.0
P53_HUMAN,C176F,pathogenic,1.0
P53_HUMAN,C176Y,pathogenic,1.0
P53_HUMAN,P177R,pathogenic,1.0
P53_HUMAN,H178D,pathogenic,1.0
P53_HUMAN,H179P,pathogenic,1.0
P53_HUMAN,H179Q,pathogenic,1.0
P53_HUMAN,H179Y,pathogenic,1.0
P53_HUMAN,E180K,pathogenic,1.0
P53_HUMAN,R181H,pathogenic,1.0
P53_HUMAN,R181P,pathogenic,1.0
P53_HUMAN,S185N,benign,0.0
P53_HUMAN,H193P,pathogenic,1.0
P53_HUMAN,H193Q,pathogenic,1.0
P53_HUMAN,H193R,pathogenic,1.0
P53_HUMAN,H193Y,pathogenic,1.0
P53_HUMAN,L194F,pathogenic,1.0
P53_HUMAN,I195T,pathogenic,1.0
P53_HUMAN,G199V,pathogenic,1.0
P53_HUMAN,Y205C,pathogenic,1.0
P53_HUMAN,R213P,pathogenic,1.0
P53_HUMAN,R213Q,pathogenic,1.0
P53_HUMAN,H214R,pathogenic,1.0
P53_HUMAN,S215I,pathogenic,1.0
P53_HUMAN,V218M,pathogenic,1.0
P53_HUMAN,Y220C,pathogenic,1.0
P53_HUMAN,Y220S,pathogenic,1.0
P53_HUMAN,I232N,pathogenic,1.0
P53_HUMAN,I232T,pathogenic,1.0
P53_HUMAN,Y234C,pathogenic,1.0
P53_HUMAN,Y234H,pathogenic,1.0
P53_HUMAN,N235D,pathogenic,1.0
P53_HUMAN,N235S,benign,0.0
P53_HUMAN,M237I,pathogenic,1.0
P53_HUMAN,C238F,pathogenic,1.0
P53_HUMAN,C238R,pathogenic,1.0
P53_HUMAN,C238S,pathogenic,1.0
P53_HUMAN,C238W,pathogenic,1.0
P53_HUMAN,C238Y,pathogenic,1.0
P53_HUMAN,N239S,pathogenic,1.0
P53_HUMAN,S240R,pathogenic,1.0
P53_HUMAN,S241C,pathogenic,1.0
P53_HUMAN,S241F,pathogenic,1.0
P53_HUMAN,S241Y,pathogenic,1.0
P53_HUMAN,C242R,pathogenic,1.0
P53_HUMAN,C242Y,pathogenic,1.0
P53_HUMAN,G244D,pathogenic,1.0
P53_HUMAN,G244S,pathogenic,1.0
P53_HUMAN,G245A,pathogenic,1.0
P53_HUMAN,G245C,pathogenic,1.0
P53_HUMAN,G245D,pathogenic,1.0
P53_HUMAN,G245S,pathogenic,1.0
P53_HUMAN,G245V,pathogenic,1.0
P53_HUMAN,M246K,pathogenic,1.0
P53_HUMAN,M246V,pathogenic,1.0
P53_HUMAN,R248L,pathogenic,1.0
P53_HUMAN,R248P,pathogenic,1.0
P53_HUMAN,R248Q,pathogenic,1.0
P53_HUMAN,R248W,pathogenic,1.0
P53_HUMAN,R249T,pathogenic,1.0
P53_HUMAN,I251L,pathogenic,1.0
P53_HUMAN,I251S,pathogenic,1.0
P53_HUMAN,I254N,pathogenic,1.0
P53_HUMAN,E258K,pathogenic,1.0
P53_HUMAN,N263S,benign,0.0
P53_HUMAN,L265P,pathogenic,1.0
P53_HUMAN,G266E,pathogenic,1.0
P53_HUMAN,R267W,pathogenic,1.0
P53_HUMAN,F270S,pathogenic,1.0
P53_HUMAN,R273C,pathogenic,1.0
P53_HUMAN,R273G,pathogenic,1.0
P53_HUMAN,R273H,pathogenic,1.0
P53_HUMAN,R273L,pathogenic,1.0
P53_HUMAN,R273P,pathogenic,1.0
P53_HUMAN,R273S,pathogenic,1.0
P53_HUMAN,C275R,pathogenic,1.0
P53_HUMAN,C275W,pathogenic,1.0
P53_HUMAN,C275Y,pathogenic,1.0
P53_HUMAN,A276D,pathogenic,1.0
P53_HUMAN,A276G,pathogenic,1.0
P53_HUMAN,G279E,pathogenic,1.0
P53_HUMAN,R280S,pathogenic,1.0
P53_HUMAN,D281G,pathogenic,1.0
P53_HUMAN,D281N,pathogenic,1.0
P53_HUMAN,D281V,pathogenic,1.0
P53_HUMAN,D281Y,pathogenic,1.0
P53_HUMAN,R282G,pathogenic,1.0
P53_HUMAN,R282P,pathogenic,1.0
P53_HUMAN,R282W,pathogenic,1.0
P53_HUMAN,E285K,pathogenic,1.0
P53_HUMAN,E285V,pathogenic,1.0
P53_HUMAN,E286K,pathogenic,1.0
P53_HUMAN,R290H,benign,0.0
P53_HUMAN,G293W,benign,0.0
P53_HUMAN,H296Y,benign,0.0
P53_HUMAN,E298K,benign,0.0
P53_HUMAN,T312S,benign,0.0
P53_HUMAN,G334W,pathogenic,1.0
P53_HUMAN,R337C,pathogenic,1.0
P53_HUMAN,R337H,pathogenic,1.0
P53_HUMAN,R337L,pathogenic,1.0
P53_HUMAN,R337P,pathogenic,1.0
P53_HUMAN,R342P,pathogenic,1.0
P53_HUMAN,E346D,benign,0.0
P53_HUMAN,A347D,pathogenic,1.0
P53_HUMAN,G360A,benign,0.0
P53_HUMAN,H365Y,benign,0.0
P53_HUMAN,S366A,benign,0.0
P53_HUMAN,G374R,benign,0.0
P53_HUMAN,E388A,benign,0.0
PTEN_HUMAN,M1V,pathogenic,1.0
PTEN_HUMAN,N12I,pathogenic,1.0
PTEN_HUMAN,N12T,pathogenic,1.0
PTEN_HUMAN,K13E,pathogenic,1.0
PTEN_HUMAN,R14G,pathogenic,1.0
PTEN_HUMAN,R15K,pathogenic,1.0
PTEN_HUMAN,R15S,pathogenic,1.0
PTEN_HUMAN,Y16D,pathogenic,1.0
PTEN_HUMAN,Y16H,pathogenic,1.0
PTEN_HUMAN,D24G,pathogenic,1.0
PTEN_HUMAN,D24N,pathogenic,1.0
PTEN_HUMAN,D24Y,pathogenic,1.0
PTEN_HUMAN,T26P,pathogenic,1.0
PTEN_HUMAN,Y27C,pathogenic,1.0
PTEN_HUMAN,Y27S,pathogenic,1.0
PTEN_HUMAN,M35L,pathogenic,1.0
PTEN_HUMAN,M35T,pathogenic,1.0
PTEN_HUMAN,M35V,pathogenic,1.0
PTEN_HUMAN,G36R,pathogenic,1.0
PTEN_HUMAN,P38R,pathogenic,1.0
PTEN_HUMAN,G44D,pathogenic,1.0
PTEN_HUMAN,R47G,pathogenic,1.0
PTEN_HUMAN,R47K,pathogenic,1.0
PTEN_HUMAN,N48K,pathogenic,1.0
PTEN_HUMAN,V53A,pathogenic,1.0
PTEN_HUMAN,L57W,pathogenic,1.0
PTEN_HUMAN,Y68C,pathogenic,1.0
PTEN_HUMAN,Y68D,pathogenic,1.0
PTEN_HUMAN,Y68H,pathogenic,1.0
PTEN_HUMAN,Y68S,pathogenic,1.0
PTEN_HUMAN,A79T,benign,0.0
PTEN_HUMAN,F81C,pathogenic,1.0
PTEN_HUMAN,F90S,pathogenic,1.0
PTEN_HUMAN,D92A,pathogenic,1.0
PTEN_HUMAN,D92G,pathogenic,1.0
PTEN_HUMAN,H93N,pathogenic,1.0
PTEN_HUMAN,H93R,pathogenic,1.0
PTEN_HUMAN,H93Y,pathogenic,1.0
PTEN_HUMAN,P95L,pathogenic,1.0
PTEN_HUMAN,P95T,pathogenic,1.0
PTEN_HUMAN,P96A,pathogenic,1.0
PTEN_HUMAN,P96L,pathogenic,1.0
PTEN_HUMAN,P96S,pathogenic,1.0
PTEN_HUMAN,I101T,pathogenic,1.0
PTEN_HUMAN,C105Y,pathogenic,1.0
PTEN_HUMAN,D107V,pathogenic,1.0
PTEN_HUMAN,L108P,pathogenic,1.0
PTEN_HUMAN,L112P,pathogenic,1.0
PTEN_HUMAN,V119L,pathogenic,1.0
PTEN_HUMAN,A120E,pathogenic,1.0
PTEN_HUMAN,H123D,pathogenic,1.0
PTEN_HUMAN,H123Q,pathogenic,1.0
PTEN_HUMAN,H123R,pathogenic,1.0
PTEN_HUMAN,H123Y,pathogenic,1.0
PTEN_HUMAN,C124G,pathogenic,1.0
PTEN_HUMAN,C124R,pathogenic,1.0
PTEN_HUMAN,C124S,pathogenic,1.0
PTEN_HUMAN,C124Y,pathogenic,1.0
PTEN_HUMAN,G127E,pathogenic,1.0
PTEN_HUMAN,G127R,pathogenic,1.0
PTEN_HUMAN,K128N,pathogenic,1.0
PTEN_HUMAN,G129E,pathogenic,1.0
PTEN_HUMAN,G129R,pathogenic,1.0
PTEN_HUMAN,G129V,pathogenic,1.0
PTEN_HUMAN,R130P,pathogenic,1.0
PTEN_HUMAN,R130Q,pathogenic,1.0
PTEN_HUMAN,G132D,pathogenic,1.0
PTEN_HUMAN,G132S,pathogenic,1.0
PTEN_HUMAN,G132V,pathogenic,1.0
PTEN_HUMAN,M134I,pathogenic,1.0
PTEN_HUMAN,M134R,pathogenic,1.0
PTEN_HUMAN,M134T,pathogenic,1.0
PTEN_HUMAN,I135K,pathogenic,1.0
PTEN_HUMAN,I135V,pathogenic,1.0
PTEN_HUMAN,C136R,pathogenic,1.0
PTEN_HUMAN,C136W,pathogenic,1.0
PTEN_HUMAN,C136Y,pathogenic,1.0
PTEN_HUMAN,Y155C,pathogenic,1.0
PTEN_HUMAN,Y155H,pathogenic,1.0
PTEN_HUMAN,Y155S,pathogenic,1.0
PTEN_HUMAN,R159G,pathogenic,1.0
PTEN_HUMAN,R159M,pathogenic,1.0
PTEN_HUMAN,T160I,pathogenic,1.0
PTEN_HUMAN,D162E,pathogenic,1.0
PTEN_HUMAN,G165R,pathogenic,1.0
PTEN_HUMAN,V166E,pathogenic,1.0
PTEN_HUMAN,S170I,pathogenic,1.0
PTEN_HUMAN,S170R,pathogenic,1.0
PTEN_HUMAN,Q171R,pathogenic,1.0
PTEN_HUMAN,R173C,pathogenic,1.0
PTEN_HUMAN,R173H,pathogenic,1.0
PTEN_HUMAN,R173L,pathogenic,1.0
PTEN_HUMAN,R173P,pathogenic,1.0
PTEN_HUMAN,Y174C,pathogenic,1.0
PTEN_HUMAN,Y174N,pathogenic,1.0
PTEN_HUMAN,Y177H,pathogenic,1.0
PTEN_HUMAN,F200V,pathogenic,1.0
PTEN_HUMAN,T202I,pathogenic,1.0
PTEN_HUMAN,P204A,pathogenic,1.0
PTEN_HUMAN,F241L,pathogenic,1.0
PTEN_HUMAN,F241S,pathogenic,1.0
PTEN_HUMAN,P246L,pathogenic,1.0
PTEN_HUMAN,L247S,pathogenic,1.0
PTEN_HUMAN,D252G,pathogenic,1.0
PTEN_HUMAN,K254T,pathogenic,1.0
PTEN_HUMAN,V255E,pathogenic,1.0
PTEN_HUMAN,D268E,benign,0.0
PTEN_HUMAN,H272P,pathogenic,1.0
PTEN_HUMAN,W274L,pathogenic,1.0
PTEN_HUMAN,N276I,pathogenic,1.0
PTEN_HUMAN,T277R,pathogenic,1.0
PTEN_HUMAN,D326G,pathogenic,1.0
PTEN_HUMAN,R335Q,pathogenic,1.0
RASH_HUMAN,G12A,pathogenic,1.0
RASH_HUMAN,G12C,pathogenic,1.0
RASH_HUMAN,G12D,pathogenic,1.0
RASH_HUMAN,G12S,pathogenic,1.0
RASH_HUMAN,G12V,pathogenic,1.0
RASH_HUMAN,G13C,pathogenic,1.0
RASH_HUMAN,G13D,pathogenic,1.0
RASH_HUMAN,G13V,pathogenic,1.0
RASH_HUMAN,Q22K,pathogenic,1.0
RASH_HUMAN,I46T,pathogenic,1.0
RASH_HUMAN,T58I,pathogenic,1.0
RASH_HUMAN,A59T,pathogenic,1.0
RASH_HUMAN,G60D,pathogenic,1.0
RASH_HUMAN,G60V,pathogenic,1.0
RASH_HUMAN,Q61H,pathogenic,1.0
RASH_HUMAN,Q61K,pathogenic,1.0
RASH_HUMAN,Q61R,pathogenic,1.0
RASH_HUMAN,E63K,pathogenic,1.0
RASH_HUMAN,N86T,benign,0.0
RASH_HUMAN,S89C,pathogenic,1.0
RASH_HUMAN,K117R,pathogenic,1.0
RASH_HUMAN,A146V,pathogenic,1.0
RASH_HUMAN,P174S,benign,0.0
RASH_HUMAN,P179A,benign,0.0
SCN5A_HUMAN,M1L,pathogenic,1.0
SCN5A_HUMAN,R34C,benign,0.0
SCN5A_HUMAN,Y87C,pathogenic,1.0
SCN5A_HUMAN,Q90K,benign,0.0
SCN5A_HUMAN,R104Q,pathogenic,1.0
SCN5A_HUMAN,R104W,pathogenic,1.0
SCN5A_HUMAN,R121Q,pathogenic,1.0
SCN5A_HUMAN,R121W,pathogenic,1.0
SCN5A_HUMAN,N134S,benign,0.0
SCN5A_HUMAN,G180V,pathogenic,1.0
SCN5A_HUMAN,D197G,pathogenic,1.0
SCN5A_HUMAN,D197H,pathogenic,1.0
SCN5A_HUMAN,A204E,pathogenic,1.0
SCN5A_HUMAN,R222G,pathogenic,1.0
SCN5A_HUMAN,R222Q,pathogenic,1.0
SCN5A_HUMAN,R225W,pathogenic,1.0
SCN5A_HUMAN,L250V,pathogenic,1.0
SCN5A_HUMAN,S262R,pathogenic,1.0
SCN5A_HUMAN,R282H,pathogenic,1.0
SCN5A_HUMAN,A286S,benign,0.0
SCN5A_HUMAN,A286V,benign,0.0
SCN5A_HUMAN,L299M,benign,0.0
SCN5A_HUMAN,D356N,pathogenic,1.0
SCN5A_HUMAN,D356Y,pathogenic,1.0
SCN5A_HUMAN,R367C,pathogenic,1.0
SCN5A_HUMAN,R367H,pathogenic,1.0
SCN5A_HUMAN,R376H,pathogenic,1.0
SCN5A_HUMAN,G400W,pathogenic,1.0
SCN5A_HUMAN,N406K,pathogenic,1.0
SCN5A_HUMAN,V411M,pathogenic,1.0
SCN5A_HUMAN,T455A,benign,0.0
SCN5A_HUMAN,L461V,benign,0.0
SCN5A_HUMAN,L494F,benign,0.0
SCN5A_HUMAN,S524Y,benign,0.0
SCN5A_HUMAN,H558R,benign,0.0
SCN5A_HUMAN,A572D,benign,0.0
SCN5A_HUMAN,L618F,benign,0.0
SCN5A_HUMAN,P656L,benign,0.0
SCN5A_HUMAN,R680H,benign,0.0
SCN5A_HUMAN,A735E,pathogenic,1.0
SCN5A_HUMAN,A735V,pathogenic,1.0
SCN5A_HUMAN,G752R,pathogenic,1.0
SCN5A_HUMAN,M764T,pathogenic,1.0
SCN5A_HUMAN,R814W,pathogenic,1.0
SCN5A_HUMAN,T843A,pathogenic,1.0
SCN5A_HUMAN,R878C,pathogenic,1.0
SCN5A_HUMAN,H886P,pathogenic,1.0
SCN5A_HUMAN,S910L,pathogenic,1.0
SCN5A_HUMAN,F919S,pathogenic,1.0
SCN5A_HUMAN,L939P,pathogenic,1.0
SCN5A_HUMAN,A997S,pathogenic,1.0
SCN5A_HUMAN,T1016M,benign,0.0
SCN5A_HUMAN,P1089L,benign,0.0
SCN5A_HUMAN,L1217R,pathogenic,1.0
SCN5A_HUMAN,D1275N,pathogenic,1.0
SCN5A_HUMAN,D1275Y,pathogenic,1.0
SCN5A_HUMAN,R1303Q,pathogenic,1.0
SCN5A_HUMAN,N1325S,pathogenic,1.0
SCN5A_HUMAN,A1326S,pathogenic,1.0
SCN5A_HUMAN,A1330T,pathogenic,1.0
SCN5A_HUMAN,P1332L,pathogenic,1.0
SCN5A_HUMAN,P1332R,pathogenic,1.0
SCN5A_HUMAN,P1332S,pathogenic,1.0
SCN5A_HUMAN,V1378M,pathogenic,1.0
SCN5A_HUMAN,G1408R,pathogenic,1.0
SCN5A_HUMAN,P1438S,pathogenic,1.0
SCN5A_HUMAN,E1441Q,pathogenic,1.0
SCN5A_HUMAN,M1446I,pathogenic,1.0
SCN5A_HUMAN,Y1447H,pathogenic,1.0
SCN5A_HUMAN,Y1449C,pathogenic,1.0
SCN5A_HUMAN,S1458Y,pathogenic,1.0
SCN5A_HUMAN,F1473L,pathogenic,1.0
SCN5A_HUMAN,Q1475L,pathogenic,1.0
SCN5A_HUMAN,T1488K,pathogenic,1.0
SCN5A_HUMAN,D1595H,pathogenic,1.0
SCN5A_HUMAN,D1595N,pathogenic,1.0
SCN5A_HUMAN,G1605R,pathogenic,1.0
SCN5A_HUMAN,T1620M,pathogenic,1.0
SCN5A_HUMAN,R1623L,pathogenic,1.0
SCN5A_HUMAN,R1623Q,pathogenic,1.0
SCN5A_HUMAN,R1632C,pathogenic,1.0
SCN5A_HUMAN,R1638P,pathogenic,1.0
SCN5A_HUMAN,R1644H,pathogenic,1.0
SCN5A_HUMAN,M1651V,pathogenic,1.0
SCN5A_HUMAN,M1676T,pathogenic,1.0
SCN5A_HUMAN,M1676V,pathogenic,1.0
SCN5A_HUMAN,M1691T,pathogenic,1.0
SCN5A_HUMAN,C1703Y,pathogenic,1.0
SCN5A_HUMAN,S1710L,pathogenic,1.0
SCN5A_HUMAN,D1714G,pathogenic,1.0
SCN5A_HUMAN,D1714N,pathogenic,1.0
SCN5A_HUMAN,G1743R,pathogenic,1.0
SCN5A_HUMAN,S1744I,pathogenic,1.0
SCN5A_HUMAN,F1760C,pathogenic,1.0
SCN5A_HUMAN,V1763M,pathogenic,1.0
SCN5A_HUMAN,M1766L,pathogenic,1.0
SCN5A_HUMAN,I1768V,pathogenic,1.0
SCN5A_HUMAN,Y1795C,pathogenic,1.0
SCN5A_HUMAN,D1802G,pathogenic,1.0
SCN5A_HUMAN,M1875T,pathogenic,1.0
SCN5A_HUMAN,E1876K,pathogenic,1.0
SCN5A_HUMAN,S1965C,pathogenic,1.0
SCN5A_HUMAN,S1979C,pathogenic,1.0
SCN5A_HUMAN,G1992A,benign,0.0
SCN5A_HUMAN,P2006L,benign,0.0
